[{"model": "shop.user", "pk": 1, "fields": {"last_login": "2020-04-21T13:18:59.298Z", "is_superuser": true, "first_name": "", "last_name": "", "email": "admin@admin.ru", "is_staff": true, "is_active": true, "date_joined": "2020-04-20T11:12:18.268Z", "username": "admin", "password": "pbkdf2_sha256$150000$uEpTTNrWCe1v$Sgy0MzVD5/yXKKxSkV5/HVwcf2hMbVQXHAD/KB7KHUc=", "groups": [], "user_permissions": []}}, {"model": "shop.category", "pk": 1, "fields": {"name": "\u041a\u0430\u044f\u043a\u0438", "slug": "kayaki", "subcategory_number": 4, "parent_category_id": 0}}, {"model": "shop.category", "pk": 3, "fields": {"name": "\u0414\u0435\u0442\u0441\u043a\u0438\u0435", "slug": "detskie", "subcategory_number": 0, "parent_category_id": 1}}, {"model": "shop.category", "pk": 6, "fields": {"name": "\u0421\u043f\u043b\u0430\u0432\u043d\u044b\u0435", "slug": "splavnyie", "subcategory_number": 0, "parent_category_id": 1}}, {"model": "shop.category", "pk": 9, "fields": {"name": "\u0424\u0440\u0438\u0441\u0442\u0430\u0439\u043b", "slug": "fristajl", "subcategory_number": 0, "parent_category_id": 1}}, {"model": "shop.category", "pk": 10, "fields": {"name": "\u041c\u043e\u0440\u0441\u043a\u0438\u0435", "slug": "morskie", "subcategory_number": 0, "parent_category_id": 1}}, {"model": "shop.category", "pk": 11, "fields": {"name": "\u0412\u0451\u0441\u043b\u0430", "slug": "vyosla", "subcategory_number": 0, "parent_category_id": 0}}, {"model": "shop.category", "pk": 12, "fields": {"name": "\u042e\u0431\u043a\u0438", "slug": "yubki", "subcategory_number": 0, "parent_category_id": 0}}, {"model": "shop.product", "pk": 1, "fields": {"name": "Jackson Rockstar 4.0 L", "slug": "jackson-rockstar-40-l", "price": 82550, "quantity": 10, "category": 9, "description": "<p>\u0414\u043b\u0438\u043d\u0430 185 \u0441\u043c</p>\r\n\r\n<p>\u0412\u0435\u0441 14 \u043a\u0433</p>\r\n\r\n<p>\u041e\u0431\u044a\u0451\u043c 263 \u043b</p>", "rating": 0.0, "rat_number": 0, "image": "Jackson_Rockstar_4.0_L.jpeg"}}, {"model": "shop.product", "pk": 2, "fields": {"name": "Jackson Rockstar 4.0 M", "slug": "jackson-rockstar-40-m", "price": 82550, "quantity": 5, "category": 9, "description": "<p>\u0414\u043b\u0438\u043d\u0430 177.8&nbsp;\u0441\u043c</p>\r\n\r\n<p>\u0412\u0435\u0441 13&nbsp;\u043a\u0433</p>\r\n\r\n<p>\u041e\u0431\u044a\u0451\u043c 232 \u043b</p>", "rating": 0.0, "rat_number": 0, "image": "Jackson_Rockstar_4.0_M.jpeg"}}, {"model": "shop.product", "pk": 3, "fields": {"name": "Jackson Rockstar 4.0 S", "slug": "jackson-rockstar-40-s", "price": 82250, "quantity": 15, "category": 9, "description": "<p>\u0414\u043b\u0438\u043d\u0430 167,8&nbsp;\u0441\u043c</p>\r\n\r\n<p>\u0412\u0435\u0441 12&nbsp;\u043a\u0433</p>\r\n\r\n<p>\u041e\u0431\u044a\u0451\u043c 202&nbsp;\u043b</p>", "rating": 0.0, "rat_number": 0, "image": "Jackson_Rockstar_4.0_S.jpeg"}}, {"model": "shop.product", "pk": 4, "fields": {"name": "Jackson Fun 1", "slug": "jackson-fun-1", "price": 50050, "quantity": 5, "category": 3, "description": "<p>\u0414\u043b\u0438\u043d\u0430 161 \u0441\u043c</p>\r\n\r\n<p>\u0412\u0435\u0441 9 \u043a\u0433</p>\r\n\r\n<p>\u041e\u0431\u044a\u0435\u043c 99 \u043b</p>", "rating": 0.0, "rat_number": 0, "image": "Jackson_Fun_1.jpg"}}, {"model": "shop.product", "pk": 5, "fields": {"name": "Jackson Fun 1.5", "slug": "jackson-fun-15", "price": 52650, "quantity": 10, "category": 3, "description": "<p>\u0414\u043b\u0438\u043d\u0430 176&nbsp;\u0441\u043c</p>\r\n\r\n<p>\u0412\u0435\u0441 11&nbsp;\u043a\u0433</p>\r\n\r\n<p>\u041e\u0431\u044a\u0435\u043c 133&nbsp;\u043b</p>", "rating": 0.0, "rat_number": 0, "image": "Jackson_Fun_1.5.jpg"}}, {"model": "shop.product", "pk": 6, "fields": {"name": "Jackson Side Kick", "slug": "jackson-side-kick", "price": 60450, "quantity": 5, "category": 3, "description": "<p>\u0414\u043b\u0438\u043d\u0430 200&nbsp;\u0441\u043c</p>\r\n\r\n<p>\u0412\u0435\u0441 12&nbsp;\u043a\u0433</p>\r\n\r\n<p>\u041e\u0431\u044a\u0435\u043c 170&nbsp;\u043b</p>", "rating": 0.0, "rat_number": 0, "image": "Jackson_Side_Kick.jpg"}}, {"model": "shop.product", "pk": 7, "fields": {"name": "Boreal Design Storm 15", "slug": "boreal-design-storm-15", "price": 142000, "quantity": 22, "category": 10, "description": "<p>\u0414\u043b\u0438\u043d\u0430 457&nbsp;\u0441\u043c</p>\r\n\r\n<p>\u0412\u0435\u0441 22&nbsp;\u043a\u0433</p>\r\n\r\n<p>\u0417\u0430\u0433\u0440\u0443\u0437\u043a\u0430 102&nbsp;\u043a\u0433</p>", "rating": 0.0, "rat_number": 0, "image": "Boreal_Design_Storm_15.png"}}, {"model": "shop.product", "pk": 8, "fields": {"name": "Boreal Design Storm 16", "slug": "boreal-design-storm-16", "price": 142000, "quantity": 17, "category": 10, "description": "<p>\u0414\u043b\u0438\u043d\u0430 487&nbsp;\u0441\u043c</p>\r\n\r\n<p>\u0412\u0435\u0441 24&nbsp;\u043a\u0433</p>\r\n\r\n<p>\u0417\u0430\u0433\u0440\u0443\u0437\u043a\u0430 136&nbsp;\u043a\u0433</p>", "rating": 0.0, "rat_number": 0, "image": "Boreal_Design_Storm_16.png"}}, {"model": "shop.product", "pk": 9, "fields": {"name": "Boreal Design Storm 17", "slug": "boreal-design-storm-17", "price": 142000, "quantity": 12, "category": 10, "description": "<p>\u0414\u043b\u0438\u043d\u0430 518&nbsp;\u0441\u043c</p>\r\n\r\n<p>\u0412\u0435\u0441 25&nbsp;\u043a\u0433</p>\r\n\r\n<p>\u0417\u0430\u0433\u0440\u0443\u0437\u043a\u0430 158&nbsp;\u043a\u0433</p>", "rating": 0.0, "rat_number": 0, "image": "Boreal_Design_Storm_17.png"}}, {"model": "shop.product", "pk": 10, "fields": {"name": "Boreal Design Baffin", "slug": "boreal-design-baffin", "price": 90350, "quantity": 5, "category": 10, "description": "<p>\u0414\u043b\u0438\u043d\u0430 506&nbsp;\u0441\u043c</p>\r\n\r\n<p>\u0412\u0435\u0441 28&nbsp;\u043a\u0433</p>\r\n\r\n<p>\u0417\u0430\u0433\u0440\u0443\u0437\u043a\u0430 109&nbsp;\u043a\u0433</p>", "rating": 0.0, "rat_number": 0, "image": "Boreal_Design_Baffin.png"}}, {"model": "shop.product", "pk": 11, "fields": {"name": "Boreal Design Epsilon", "slug": "boreal-design-epsilon", "price": 90350, "quantity": 2, "category": 10, "description": "<p>\u0414\u043b\u0438\u043d\u0430 498&nbsp;\u0441\u043c</p>\r\n\r\n<p>\u0412\u0435\u0441 30.3&nbsp;\u043a\u0433</p>\r\n\r\n<p>\u0417\u0430\u0433\u0440\u0443\u0437\u043a\u0430 109&nbsp;\u043a\u0433</p>", "rating": 0.0, "rat_number": 0, "image": "Boreal_Design_Epsilon.jpg"}}, {"model": "shop.product", "pk": 12, "fields": {"name": "Boreal Design Muktuk", "slug": "boreal-design-muktuk", "price": 87000, "quantity": 0, "category": 10, "description": "<p>\u0414\u043b\u0438\u043d\u0430 485&nbsp;\u0441\u043c</p>\r\n\r\n<p>\u0412\u0435\u0441 28.55&nbsp;\u043a\u0433</p>\r\n\r\n<p>\u0417\u0430\u0433\u0440\u0443\u0437\u043a\u0430 102&nbsp;\u043a\u0433</p>", "rating": 0.0, "rat_number": 0, "image": "Boreal_Design_Muktuk.jpg"}}, {"model": "shop.product", "pk": 13, "fields": {"name": "Boreal Design Inikshuk", "slug": "boreal-design-inikshuk", "price": 88000, "quantity": 1, "category": 10, "description": "<p>\u0414\u043b\u0438\u043d\u0430 518&nbsp;\u0441\u043c</p>\r\n\r\n<p>\u0412\u0435\u0441 29&nbsp;\u043a\u0433</p>\r\n\r\n<p>\u0417\u0430\u0433\u0440\u0443\u0437\u043a\u0430 158&nbsp;\u043a\u0433</p>", "rating": 0.0, "rat_number": 0, "image": "Boreal_Design_Inukshuk.jpg"}}, {"model": "shop.product", "pk": 14, "fields": {"name": "Point 65 Sea Cruiser", "slug": "point-65-sea-cruiser", "price": 115000, "quantity": 30, "category": 10, "description": "<p>\u0414\u043b\u0438\u043d\u0430 525&nbsp;\u0441\u043c</p>\r\n\r\n<p>\u0412\u0435\u0441 27&nbsp;\u043a\u0433</p>\r\n\r\n<p>\u0417\u0430\u0433\u0440\u0443\u0437\u043a\u0430 165&nbsp;\u043a\u0433</p>", "rating": 0.0, "rat_number": 0, "image": "Point_65_Sea_Cruiser.jpg"}}, {"model": "shop.product", "pk": 15, "fields": {"name": "Riot Brittany 16.5", "slug": "riot-brittany-165", "price": 68900, "quantity": 10, "category": 10, "description": "<p>\u0414\u043b\u0438\u043d\u0430 483&nbsp;\u0441\u043c</p>\r\n\r\n<p>\u0412\u0435\u0441 27.7&nbsp;\u043a\u0433</p>\r\n\r\n<p>\u0417\u0430\u0433\u0440\u0443\u0437\u043a\u0430 159&nbsp;\u043a\u0433</p>", "rating": 0.0, "rat_number": 0, "image": "Riot_Brittany_16.5.jpg"}}, {"model": "shop.product", "pk": 16, "fields": {"name": "Boreal Design Esperanto", "slug": "boreal-design-esperanto", "price": 97500, "quantity": 14, "category": 10, "description": "<p>\u0414\u043b\u0438\u043d\u0430 586&nbsp;\u0441\u043c</p>\r\n\r\n<p>\u0412\u0435\u0441 46.4&nbsp;\u043a\u0433</p>\r\n\r\n<p>\u0417\u0430\u0433\u0440\u0443\u0437\u043a\u0430 218&nbsp;\u043a\u0433</p>", "rating": 0.0, "rat_number": 0, "image": "Boreal_Design_Esperanto.jpg"}}, {"model": "shop.product", "pk": 17, "fields": {"name": "Liquidlogic Party Braaap 69", "slug": "liquidlogic-party-braaap-69", "price": 89000, "quantity": 18, "category": 6, "description": "<p>\u0414\u043b\u0438\u043d\u0430 272&nbsp;\u0441\u043c</p>\r\n\r\n<p>\u0412\u0435\u0441 20&nbsp;\u043a\u0433</p>\r\n\r\n<p>\u041e\u0431\u044a\u0435\u043c 261&nbsp;\u043b</p>", "rating": 0.0, "rat_number": 0, "image": "Liquidlogic_Party_Braaap_69.jpeg"}}, {"model": "shop.product", "pk": 18, "fields": {"name": "Liquidlogic Stinger XP", "slug": "liquidlogic-stinger-xp", "price": 105000, "quantity": 5, "category": 6, "description": "<p>\u0414\u043b\u0438\u043d\u0430 379&nbsp;\u0441\u043c</p>\r\n\r\n<p>\u0412\u0435\u0441 25&nbsp;\u043a\u0433</p>\r\n\r\n<p>\u041e\u0431\u044a\u0435\u043c 397 \u043b</p>", "rating": 0.0, "rat_number": 0, "image": "Liquidlogic_Stinger_XP.jpeg"}}, {"model": "shop.product", "pk": 19, "fields": {"name": "Jackson Nirvana M", "slug": "jackson-nirvana-m", "price": 91000, "quantity": 30, "category": 6, "description": "<p>\u0414\u043b\u0438\u043d\u0430 274&nbsp;\u0441\u043c</p>\r\n\r\n<p>\u0412\u0435\u0441 20&nbsp;\u043a\u0433</p>\r\n\r\n<p>\u041e\u0431\u044a\u0435\u043c 326&nbsp;\u043b</p>", "rating": 0.0, "rat_number": 0, "image": "Jackson_Nirvana_M.jpg"}}, {"model": "shop.product", "pk": 20, "fields": {"name": "Jackson ZEN L", "slug": "jackson-zen-l", "price": 79000, "quantity": 13, "category": 6, "description": "<p>\u0414\u043b\u0438\u043d\u0430 270&nbsp;\u0441\u043c</p>\r\n\r\n<p>\u0412\u0435\u0441 21&nbsp;\u043a\u0433</p>\r\n\r\n<p>\u041e\u0431\u044a\u0435\u043c 325&nbsp;\u043b</p>", "rating": 0.0, "rat_number": 0, "image": "Jackson_Zen_L.jpg"}}, {"model": "shop.product", "pk": 21, "fields": {"name": "Jackson Karma RG", "slug": "jackson-karma-rg", "price": 97500, "quantity": 20, "category": 6, "description": "<p>\u0414\u043b\u0438\u043d\u0430 355&nbsp;\u0441\u043c</p>\r\n\r\n<p>\u0412\u0435\u0441 26&nbsp;\u043a\u0433</p>\r\n\r\n<p>\u041e\u0431\u044a\u0435\u043c 356&nbsp;\u043b</p>", "rating": 0.0, "rat_number": 0, "image": "Jackson_Karma_RG.jpg"}}, {"model": "shop.product", "pk": 22, "fields": {"name": "Jackson Traverse 9", "slug": "jackson-traverse-9", "price": 89050, "quantity": 3, "category": 6, "description": "<p>\u0414\u043b\u0438\u043d\u0430 285&nbsp;\u0441\u043c</p>\r\n\r\n<p>\u0412\u0435\u0441 22&nbsp;\u043a\u0433</p>\r\n\r\n<p>\u041e\u0431\u044a\u0435\u043c 325&nbsp;\u043b</p>", "rating": 0.0, "rat_number": 0, "image": "Jackson_Traverse_9.jpg"}}, {"model": "shop.product", "pk": 23, "fields": {"name": "Jackson Kayak Dynamic Duo", "slug": "jackson-kayak-dynamic-duo", "price": 124150, "quantity": 5, "category": 6, "description": "<p>\u041a\u0430\u044f\u043a \u043d\u0430 \u0434\u0432\u0443\u0445 \u0433\u0440\u0435\u0431\u0446\u043e\u0432</p>\r\n\r\n<p>\u0414\u043b\u0438\u043d\u0430 400&nbsp;\u0441\u043c</p>\r\n\r\n<p>\u0412\u0435\u0441 36&nbsp;\u043a\u0433</p>\r\n\r\n<p>\u041e\u0431\u044a\u0435\u043c 538&nbsp;\u043b</p>", "rating": 0.0, "rat_number": 0, "image": "Jackson_Kayak_Dynamic_Duo.jpg"}}, {"model": "shop.product", "pk": 24, "fields": {"name": "Jackson Big Rig", "slug": "jackson-big-rig", "price": 150000, "quantity": 1, "category": 1, "description": "<p>\u0420\u044b\u0431\u043e\u043b\u043e\u0432\u043d\u044b\u0439 \u043a\u0430\u044f\u043a</p>\r\n\r\n<p>\u0414\u043b\u0438\u043d\u0430 395&nbsp;\u0441\u043c</p>\r\n\r\n<p>\u0412\u0435\u0441 45&nbsp;\u043a\u0433</p>\r\n\r\n<p>\u0417\u0430\u0433\u0440\u0443\u0437\u043a\u0430 180 \u043a\u0433</p>", "rating": 0.0, "rat_number": 0, "image": "Jackson_Big_Rig.jpg"}}, {"model": "shop.product", "pk": 25, "fields": {"name": "Pelican Solo", "slug": "pelican-solo", "price": 19900, "quantity": 15, "category": 1, "description": "<p>\u041f\u043b\u044f\u0436\u043d\u044b\u0439 \u043a\u0430\u044f\u043a</p>", "rating": 0.0, "rat_number": 0, "image": "Pelican_Solo.jpg"}}, {"model": "shop.product", "pk": 26, "fields": {"name": "Point 65 Tequila! Tandem", "slug": "point-65-tequila-tandem", "price": 103400, "quantity": 2, "category": 1, "description": "<p>\u0420\u0430\u0437\u0431\u043e\u0440\u043d\u044b\u0439 \u043a\u0430\u044f\u043a, \u0440\u0430\u0441\u0441\u0447\u0438\u0442\u0430\u043d \u043d\u0430 \u0434\u0432\u0443\u0445 \u0433\u0440\u0435\u0431\u0446\u043e\u0432</p>\r\n\r\n<p>\u0414\u043b\u0438\u043d\u0430 416&nbsp;\u0441\u043c</p>\r\n\r\n<p>\u0412\u0435\u0441 35&nbsp;\u043a\u0433</p>", "rating": 0.0, "rat_number": 0, "image": "Point_65_Tequila_Tandem.jpg"}}, {"model": "shop.product", "pk": 27, "fields": {"name": "BENDING BRANCHES ANGLER PRO", "slug": "bending-branches-angler-pro", "price": 15000, "quantity": 2, "category": 11, "description": "<p>\u0420\u044b\u0431\u0430\u0446\u043a\u043e\u0435 \u0432\u0435\u0441\u043b\u043e</p>\r\n\r\n<p>\u041c\u0430\u0442\u0435\u0440\u0438\u0430\u043b \u043b\u043e\u043f\u0430\u0441\u0442\u0435\u0439: \u0421\u0442\u0435\u043a\u043b\u043e\u043f\u043b\u0430\u0441\u0442\u0438\u043a</p>\r\n\r\n<p>\u041c\u0430\u0442\u0435\u0440\u0438\u0430\u043b \u0448\u0430\u0444\u0442\u0430: \u041a\u0430\u0440\u0431\u043e\u043d</p>\r\n\r\n<p>\u0428\u0430\u0444\u0442: \u041f\u0440\u044f\u043c\u043e\u0439</p>\r\n\r\n<p>\u041b\u043e\u043f\u0430\u0441\u0442\u044c: 45,7 \u0445 18,4</p>\r\n\r\n<p>\u0427\u0430\u0441\u0442\u0438 : \u0414\u0432\u0435</p>\r\n\r\n<p>\u041f\u043b\u043e\u0449\u0430\u0434\u044c: 266 \u0441\u043c2</p>\r\n\r\n<p>\u0412\u0435\u0441 : 808 \u0433\u0440</p>", "rating": 0.0, "rat_number": 0, "image": "1c7a33fee8664d7221027e0bdd7b23bf.jpg"}}, {"model": "shop.product", "pk": 28, "fields": {"name": "\u0412\u0435\u0441\u043b\u043e 2", "slug": "veslo-2", "price": 20000, "quantity": 15, "category": 11, "description": "<p>\u041c\u0430\u0442\u0435\u0440\u0438\u0430\u043b \u043b\u043e\u043f\u0430\u0441\u0442\u0435\u0439: \u0421\u0442\u0435\u043a\u043b\u043e\u043f\u043b\u0430\u0441\u0442\u0438\u043a</p>\r\n\r\n<p>\u041c\u0430\u0442\u0435\u0440\u0438\u0430\u043b \u0448\u0430\u0444\u0442\u0430: \u041a\u0430\u0440\u0431\u043e\u043d</p>\r\n\r\n<p>\u0428\u0430\u0444\u0442: \u041f\u0440\u044f\u043c\u043e\u0439</p>\r\n\r\n<p>\u041b\u043e\u043f\u0430\u0441\u0442\u044c: 45,7 \u0445 18,4</p>\r\n\r\n<p>\u0427\u0430\u0441\u0442\u0438 : \u0414\u0432\u0435</p>\r\n\r\n<p>\u041f\u043b\u043e\u0449\u0430\u0434\u044c: 266 \u0441\u043c2</p>\r\n\r\n<p>\u0412\u0435\u0441 : 808 \u0433\u0440</p>", "rating": 0.0, "rat_number": 0, "image": "04c99eb27b8a39968dc3b74a3655ee38.jpg"}}, {"model": "shop.product", "pk": 29, "fields": {"name": "\u0412\u0435\u0441\u043b\u043e 3", "slug": "veslo-3", "price": 30000, "quantity": 20, "category": 11, "description": "<p>\u041c\u0430\u0442\u0435\u0440\u0438\u0430\u043b \u043b\u043e\u043f\u0430\u0441\u0442\u0435\u0439: \u0421\u0442\u0435\u043a\u043b\u043e\u043f\u043b\u0430\u0441\u0442\u0438\u043a</p>\r\n\r\n<p>\u041c\u0430\u0442\u0435\u0440\u0438\u0430\u043b \u0448\u0430\u0444\u0442\u0430: \u041a\u0430\u0440\u0431\u043e\u043d</p>\r\n\r\n<p>\u0428\u0430\u0444\u0442: \u041f\u0440\u044f\u043c\u043e\u0439</p>\r\n\r\n<p>\u041b\u043e\u043f\u0430\u0441\u0442\u044c: 45,7 \u0445 18,4</p>\r\n\r\n<p>\u0427\u0430\u0441\u0442\u0438 : \u0414\u0432\u0435</p>\r\n\r\n<p>\u041f\u043b\u043e\u0449\u0430\u0434\u044c: 266 \u0441\u043c2</p>\r\n\r\n<p>\u0412\u0435\u0441 : 808 \u0433\u0440</p>", "rating": 0.0, "rat_number": 0, "image": "9ecfec9ee6cb25c9cd7a6a584aec7e6c.jpg"}}, {"model": "shop.product", "pk": 30, "fields": {"name": "\u0412\u0435\u0441\u043b\u043e 4", "slug": "veslo-4", "price": 20000, "quantity": 10, "category": 11, "description": "<p>\u041c\u0430\u0442\u0435\u0440\u0438\u0430\u043b \u043b\u043e\u043f\u0430\u0441\u0442\u0435\u0439: \u0421\u0442\u0435\u043a\u043b\u043e\u043f\u043b\u0430\u0441\u0442\u0438\u043a</p>\r\n\r\n<p>\u041c\u0430\u0442\u0435\u0440\u0438\u0430\u043b \u0448\u0430\u0444\u0442\u0430: \u041a\u0430\u0440\u0431\u043e\u043d</p>\r\n\r\n<p>\u0428\u0430\u0444\u0442: \u041f\u0440\u044f\u043c\u043e\u0439</p>\r\n\r\n<p>\u041b\u043e\u043f\u0430\u0441\u0442\u044c: 45,7 \u0445 18,4</p>\r\n\r\n<p>\u0427\u0430\u0441\u0442\u0438 : \u0414\u0432\u0435</p>\r\n\r\n<p>\u041f\u043b\u043e\u0449\u0430\u0434\u044c: 266 \u0441\u043c2</p>\r\n\r\n<p>\u0412\u0435\u0441 : 808 \u0433\u0440</p>", "rating": 0.0, "rat_number": 0, "image": "4ca7a919e6cb116c7f4ead2849132c67.jpg"}}, {"model": "shop.product", "pk": 31, "fields": {"name": "\u0412\u0435\u0441\u043b\u043e 5", "slug": "veslo-5", "price": 45000, "quantity": 20, "category": 11, "description": "<p>\u041c\u0430\u0442\u0435\u0440\u0438\u0430\u043b \u043b\u043e\u043f\u0430\u0441\u0442\u0435\u0439: \u0421\u0442\u0435\u043a\u043b\u043e\u043f\u043b\u0430\u0441\u0442\u0438\u043a</p>\r\n\r\n<p>\u041c\u0430\u0442\u0435\u0440\u0438\u0430\u043b \u0448\u0430\u0444\u0442\u0430: \u041a\u0430\u0440\u0431\u043e\u043d</p>\r\n\r\n<p>\u0428\u0430\u0444\u0442: \u041f\u0440\u044f\u043c\u043e\u0439</p>\r\n\r\n<p>\u041b\u043e\u043f\u0430\u0441\u0442\u044c: 45,7 \u0445 18,4</p>\r\n\r\n<p>\u0427\u0430\u0441\u0442\u0438 : \u0414\u0432\u0435</p>\r\n\r\n<p>\u041f\u043b\u043e\u0449\u0430\u0434\u044c: 266 \u0441\u043c2</p>\r\n\r\n<p>\u0412\u0435\u0441 : 808 \u0433\u0440</p>", "rating": 0.0, "rat_number": 0, "image": "381f541d9dd6b7cea5f978ebcf817a94.jpg"}}, {"model": "shop.product", "pk": 32, "fields": {"name": "\u0412\u0435\u0441\u043b\u043e 6", "slug": "veslo-6", "price": 12000, "quantity": 30, "category": 11, "description": "<p>\u041c\u0430\u0442\u0435\u0440\u0438\u0430\u043b \u043b\u043e\u043f\u0430\u0441\u0442\u0435\u0439: \u0421\u0442\u0435\u043a\u043b\u043e\u043f\u043b\u0430\u0441\u0442\u0438\u043a</p>\r\n\r\n<p>\u041c\u0430\u0442\u0435\u0440\u0438\u0430\u043b \u0448\u0430\u0444\u0442\u0430: \u041a\u0430\u0440\u0431\u043e\u043d</p>\r\n\r\n<p>\u0428\u0430\u0444\u0442: \u041f\u0440\u044f\u043c\u043e\u0439</p>\r\n\r\n<p>\u041b\u043e\u043f\u0430\u0441\u0442\u044c: 45,7 \u0445 18,4</p>\r\n\r\n<p>\u0427\u0430\u0441\u0442\u0438 : \u0414\u0432\u0435</p>\r\n\r\n<p>\u041f\u043b\u043e\u0449\u0430\u0434\u044c: 266 \u0441\u043c2</p>\r\n\r\n<p>\u0412\u0435\u0441 : 808 \u0433\u0440</p>", "rating": 0.0, "rat_number": 0, "image": "588cf2c16a37b0d49523b5c114444067.jpg"}}, {"model": "shop.product", "pk": 33, "fields": {"name": "\u0412\u0435\u0441\u043b\u043e 7", "slug": "veslo-7", "price": 20000, "quantity": 50, "category": 11, "description": "<p>\u041c\u0430\u0442\u0435\u0440\u0438\u0430\u043b \u043b\u043e\u043f\u0430\u0441\u0442\u0435\u0439: \u0421\u0442\u0435\u043a\u043b\u043e\u043f\u043b\u0430\u0441\u0442\u0438\u043a</p>\r\n\r\n<p>\u041c\u0430\u0442\u0435\u0440\u0438\u0430\u043b \u0448\u0430\u0444\u0442\u0430: \u041a\u0430\u0440\u0431\u043e\u043d</p>\r\n\r\n<p>\u0428\u0430\u0444\u0442: \u041f\u0440\u044f\u043c\u043e\u0439</p>\r\n\r\n<p>\u041b\u043e\u043f\u0430\u0441\u0442\u044c: 45,7 \u0445 18,4</p>\r\n\r\n<p>\u0427\u0430\u0441\u0442\u0438 : \u0414\u0432\u0435</p>\r\n\r\n<p>\u041f\u043b\u043e\u0449\u0430\u0434\u044c: 266 \u0441\u043c2</p>\r\n\r\n<p>\u0412\u0435\u0441 : 808 \u0433\u0440</p>", "rating": 0.0, "rat_number": 0, "image": "31934cea95c568cbd79167aefb264536.jpg"}}, {"model": "shop.product", "pk": 34, "fields": {"name": "\u0412\u0435\u0441\u043b\u043e 8", "slug": "veslo-8", "price": 3000, "quantity": 0, "category": 11, "description": "<p>\u041c\u0430\u0442\u0435\u0440\u0438\u0430\u043b \u043b\u043e\u043f\u0430\u0441\u0442\u0435\u0439: \u0421\u0442\u0435\u043a\u043b\u043e\u043f\u043b\u0430\u0441\u0442\u0438\u043a</p>\r\n\r\n<p>\u041c\u0430\u0442\u0435\u0440\u0438\u0430\u043b \u0448\u0430\u0444\u0442\u0430: \u041a\u0430\u0440\u0431\u043e\u043d</p>\r\n\r\n<p>\u0428\u0430\u0444\u0442: \u041f\u0440\u044f\u043c\u043e\u0439</p>\r\n\r\n<p>\u041b\u043e\u043f\u0430\u0441\u0442\u044c: 45,7 \u0445 18,4</p>\r\n\r\n<p>\u0427\u0430\u0441\u0442\u0438 : \u0414\u0432\u0435</p>\r\n\r\n<p>\u041f\u043b\u043e\u0449\u0430\u0434\u044c: 266 \u0441\u043c2</p>\r\n\r\n<p>\u0412\u0435\u0441 : 808 \u0433\u0440</p>", "rating": 0.0, "rat_number": 0, "image": "84810b6b5b4ed2abaca66636709cd7f6.jpg"}}, {"model": "shop.product", "pk": 35, "fields": {"name": "\u0412\u0435\u0441\u043b\u043e 9", "slug": "veslo-9", "price": 0, "quantity": 0, "category": 11, "description": "<p>\u041c\u0430\u0442\u0435\u0440\u0438\u0430\u043b \u043b\u043e\u043f\u0430\u0441\u0442\u0435\u0439: \u0421\u0442\u0435\u043a\u043b\u043e\u043f\u043b\u0430\u0441\u0442\u0438\u043a</p>\r\n\r\n<p>\u041c\u0430\u0442\u0435\u0440\u0438\u0430\u043b \u0448\u0430\u0444\u0442\u0430: \u041a\u0430\u0440\u0431\u043e\u043d</p>\r\n\r\n<p>\u0428\u0430\u0444\u0442: \u041f\u0440\u044f\u043c\u043e\u0439</p>\r\n\r\n<p>\u041b\u043e\u043f\u0430\u0441\u0442\u044c: 45,7 \u0445 18,4</p>\r\n\r\n<p>\u0427\u0430\u0441\u0442\u0438 : \u0414\u0432\u0435</p>\r\n\r\n<p>\u041f\u043b\u043e\u0449\u0430\u0434\u044c: 266 \u0441\u043c2</p>\r\n\r\n<p>\u0412\u0435\u0441 : 808 \u0433\u0440</p>", "rating": 0.0, "rat_number": 0, "image": "1844868e3f6b44c2b3a16a5bef4b4ef6.jpg"}}, {"model": "shop.product", "pk": 36, "fields": {"name": "\u0412\u0435\u0441\u043b\u043e 10", "slug": "veslo-10", "price": 0, "quantity": 0, "category": 11, "description": "<p>\u041c\u0430\u0442\u0435\u0440\u0438\u0430\u043b \u043b\u043e\u043f\u0430\u0441\u0442\u0435\u0439: \u0421\u0442\u0435\u043a\u043b\u043e\u043f\u043b\u0430\u0441\u0442\u0438\u043a</p>\r\n\r\n<p>\u041c\u0430\u0442\u0435\u0440\u0438\u0430\u043b \u0448\u0430\u0444\u0442\u0430: \u041a\u0430\u0440\u0431\u043e\u043d</p>\r\n\r\n<p>\u0428\u0430\u0444\u0442: \u041f\u0440\u044f\u043c\u043e\u0439</p>\r\n\r\n<p>\u041b\u043e\u043f\u0430\u0441\u0442\u044c: 45,7 \u0445 18,4</p>\r\n\r\n<p>\u0427\u0430\u0441\u0442\u0438 : \u0414\u0432\u0435</p>\r\n\r\n<p>\u041f\u043b\u043e\u0449\u0430\u0434\u044c: 266 \u0441\u043c2</p>\r\n\r\n<p>\u0412\u0435\u0441 : 808 \u0433\u0440</p>", "rating": 0.0, "rat_number": 0, "image": "c7ffa29827d95114f151ab09e4cc6385.jpg"}}, {"model": "shop.product", "pk": 37, "fields": {"name": "\u0412\u0435\u0441\u043b\u043e 11", "slug": "veslo-11", "price": 0, "quantity": 0, "category": 11, "description": "<p>\u041c\u0430\u0442\u0435\u0440\u0438\u0430\u043b \u043b\u043e\u043f\u0430\u0441\u0442\u0435\u0439: \u0421\u0442\u0435\u043a\u043b\u043e\u043f\u043b\u0430\u0441\u0442\u0438\u043a</p>\r\n\r\n<p>\u041c\u0430\u0442\u0435\u0440\u0438\u0430\u043b \u0448\u0430\u0444\u0442\u0430: \u041a\u0430\u0440\u0431\u043e\u043d</p>\r\n\r\n<p>\u0428\u0430\u0444\u0442: \u041f\u0440\u044f\u043c\u043e\u0439</p>\r\n\r\n<p>\u041b\u043e\u043f\u0430\u0441\u0442\u044c: 45,7 \u0445 18,4</p>\r\n\r\n<p>\u0427\u0430\u0441\u0442\u0438 : \u0414\u0432\u0435</p>\r\n\r\n<p>\u041f\u043b\u043e\u0449\u0430\u0434\u044c: 266 \u0441\u043c2</p>\r\n\r\n<p>\u0412\u0435\u0441 : 808 \u0433\u0440</p>", "rating": 0.0, "rat_number": 0, "image": "c212c8ade4f1c42d6afd8d413c1e13bd.jpg"}}, {"model": "shop.product", "pk": 38, "fields": {"name": "\u0412\u0435\u0441\u043b\u043e 12", "slug": "veslo-12", "price": 0, "quantity": 0, "category": 11, "description": "<p>\u041c\u0430\u0442\u0435\u0440\u0438\u0430\u043b \u043b\u043e\u043f\u0430\u0441\u0442\u0435\u0439: \u0421\u0442\u0435\u043a\u043b\u043e\u043f\u043b\u0430\u0441\u0442\u0438\u043a</p>\r\n\r\n<p>\u041c\u0430\u0442\u0435\u0440\u0438\u0430\u043b \u0448\u0430\u0444\u0442\u0430: \u041a\u0430\u0440\u0431\u043e\u043d</p>\r\n\r\n<p>\u0428\u0430\u0444\u0442: \u041f\u0440\u044f\u043c\u043e\u0439</p>\r\n\r\n<p>\u041b\u043e\u043f\u0430\u0441\u0442\u044c: 45,7 \u0445 18,4</p>\r\n\r\n<p>\u0427\u0430\u0441\u0442\u0438 : \u0414\u0432\u0435</p>\r\n\r\n<p>\u041f\u043b\u043e\u0449\u0430\u0434\u044c: 266 \u0441\u043c2</p>\r\n\r\n<p>\u0412\u0435\u0441 : 808 \u0433\u0440</p>", "rating": 0.0, "rat_number": 0, "image": "ce4c77902d68eedd54185f455cfb3ae9.jpg"}}, {"model": "shop.product", "pk": 39, "fields": {"name": "\u0412\u0435\u0441\u043b\u043e 13", "slug": "veslo-13", "price": 0, "quantity": 0, "category": 11, "description": "<p>\u041c\u0430\u0442\u0435\u0440\u0438\u0430\u043b \u043b\u043e\u043f\u0430\u0441\u0442\u0435\u0439: \u0421\u0442\u0435\u043a\u043b\u043e\u043f\u043b\u0430\u0441\u0442\u0438\u043a</p>\r\n\r\n<p>\u041c\u0430\u0442\u0435\u0440\u0438\u0430\u043b \u0448\u0430\u0444\u0442\u0430: \u041a\u0430\u0440\u0431\u043e\u043d</p>\r\n\r\n<p>\u0428\u0430\u0444\u0442: \u041f\u0440\u044f\u043c\u043e\u0439</p>\r\n\r\n<p>\u041b\u043e\u043f\u0430\u0441\u0442\u044c: 45,7 \u0445 18,4</p>\r\n\r\n<p>\u0427\u0430\u0441\u0442\u0438 : \u0414\u0432\u0435</p>\r\n\r\n<p>\u041f\u043b\u043e\u0449\u0430\u0434\u044c: 266 \u0441\u043c2</p>\r\n\r\n<p>\u0412\u0435\u0441 : 808 \u0433\u0440</p>", "rating": 0.0, "rat_number": 0, "image": "e0b7564ccd42962efd5cd85f452e17e5.jpg"}}, {"model": "shop.product", "pk": 40, "fields": {"name": "\u0412\u0435\u0441\u043b\u043e 14", "slug": "veslo-14", "price": 0, "quantity": 0, "category": 11, "description": "<p>\u041c\u0430\u0442\u0435\u0440\u0438\u0430\u043b \u043b\u043e\u043f\u0430\u0441\u0442\u0435\u0439: \u0421\u0442\u0435\u043a\u043b\u043e\u043f\u043b\u0430\u0441\u0442\u0438\u043a</p>\r\n\r\n<p>\u041c\u0430\u0442\u0435\u0440\u0438\u0430\u043b \u0448\u0430\u0444\u0442\u0430: \u041a\u0430\u0440\u0431\u043e\u043d</p>\r\n\r\n<p>\u0428\u0430\u0444\u0442: \u041f\u0440\u044f\u043c\u043e\u0439</p>\r\n\r\n<p>\u041b\u043e\u043f\u0430\u0441\u0442\u044c: 45,7 \u0445 18,4</p>\r\n\r\n<p>\u0427\u0430\u0441\u0442\u0438 : \u0414\u0432\u0435</p>\r\n\r\n<p>\u041f\u043b\u043e\u0449\u0430\u0434\u044c: 266 \u0441\u043c2</p>\r\n\r\n<p>\u0412\u0435\u0441 : 808 \u0433\u0440</p>", "rating": 0.0, "rat_number": 0, "image": "e13cdf2450521e19e31aaee9ba1da336.jpg"}}, {"model": "shop.product", "pk": 41, "fields": {"name": "\u0412\u0435\u0441\u043b\u043e 15", "slug": "veslo-15", "price": 0, "quantity": 0, "category": 11, "description": "<p>\u041c\u0430\u0442\u0435\u0440\u0438\u0430\u043b \u043b\u043e\u043f\u0430\u0441\u0442\u0435\u0439: \u0421\u0442\u0435\u043a\u043b\u043e\u043f\u043b\u0430\u0441\u0442\u0438\u043a</p>\r\n\r\n<p>\u041c\u0430\u0442\u0435\u0440\u0438\u0430\u043b \u0448\u0430\u0444\u0442\u0430: \u041a\u0430\u0440\u0431\u043e\u043d</p>\r\n\r\n<p>\u0428\u0430\u0444\u0442: \u041f\u0440\u044f\u043c\u043e\u0439</p>\r\n\r\n<p>\u041b\u043e\u043f\u0430\u0441\u0442\u044c: 45,7 \u0445 18,4</p>\r\n\r\n<p>\u0427\u0430\u0441\u0442\u0438 : \u0414\u0432\u0435</p>\r\n\r\n<p>\u041f\u043b\u043e\u0449\u0430\u0434\u044c: 266 \u0441\u043c2</p>\r\n\r\n<p>\u0412\u0435\u0441 : 808 \u0433\u0440</p>", "rating": 0.0, "rat_number": 0, "image": "f7c4aeb5934b7da7adfe9a4c0a0d330b.jpg"}}, {"model": "shop.paper", "pk": 1, "fields": {"title": "\u041f\u0435\u0440\u0432\u044b\u0439 \u043a\u0430\u044f\u043a?", "text": "<p>\u0412\u044b\u0431\u0435\u0440\u0438\u0442\u0435 \u043b\u0443\u0447\u0448\u0438\u0439 \u043a\u0430\u044f\u043a \u0434\u043b\u044f \u0412\u0430\u0448\u0435\u0433\u043e \u0440\u0435\u0431\u0435\u043d\u043a\u0430: \u0443\u0434\u043e\u0431\u043d\u044b\u0439, \u043b\u0435\u0433\u043a\u0438\u0439 \u0438 \u0431\u0435\u0437\u043e\u043f\u0430\u0441\u043d\u044b\u0439.</p>", "products": [25], "categories": [3]}}, {"model": "shop.paper", "pk": 2, "fields": {"title": "\u0421\u043a\u043e\u0440\u043e \u0432 \u043e\u0442\u043f\u0443\u0441\u043a", "text": "<p><span style=\"font-family:Comic Sans MS,cursive\">\u041b\u0443\u0447\u0448\u0438\u0435 \u043a\u0430\u044f\u043a\u0438 \u0434\u043b\u044f \u043e\u0442\u0434\u044b\u0445\u0430 \u043d\u0430 \u043f\u043b\u044f\u0436\u0435 \u0438\u043b\u0438 \u0434\u043b\u044f \u0438\u0441\u0441\u043b\u0435\u0434\u043e\u0432\u0430\u043d\u0438\u044f \u043c\u043e\u0440\u0441\u043a\u0438\u0445 \u043f\u0440\u043e\u0441\u0442\u043e\u0440\u043e\u0432. \u0414\u0430\u0439\u0442\u0435 \u0444\u043e\u0440\u0443 \u0430\u043a\u0443\u043b\u0430\u043c!</span></p>", "products": [14, 13, 9], "categories": [1]}}, {"model": "shop.paper", "pk": 3, "fields": {"title": "\u0412\u0435\u0441\u043b\u0430 \u0434\u043b\u044f \u0431\u0443\u0440\u043d\u043e\u0439 \u0432\u043e\u0434\u044b", "text": "<p>\u041f\u0440\u043e\u0440\u0430\u0439\u0434\u0435\u0440\u044b \u0432\u044b\u0431\u0438\u0440\u0430\u044e\u0442 Select</p>", "products": [41, 39, 37], "categories": []}}]